<?xml version="1.0" encoding="UTF-8"?>
<manifest identifier="lenguajeMarcas" version="1.0"
  xmlns="http://www.imsproject.org/xsd/imscp_rootv1p1p2"
  xmlns:adlcp="http://www.adlnet.org/xsd/adlcp_rootv1p2"
  xmlns:xsi="http://www.w3.org/2001/XMLSchema-instance"
  xsi:schemaLocation="http://www.imsproject.org/xsd/imscp_rootv1p1p2 imscp_rootv1p1p2.xsd
    http://www.adlnet.org/xsd/adlcp_rootv1p2 adlcp_rootv1p2.xsd">

  <organizations default="ORG-1">
    <organization identifier="ORG-1">
      <title>Lenguaje Marcas</title>
      <item identifier="ITEM-SCO1" identifierref="RES-SCO1" isvisible="true">
        <title>html</title>
      </item>
    </organization>
  </organizations>

  <resources>
    <resource identifier="RES-SCO1" type="webcontent" adlcp:scormtype="sco" href="launch_sco1.html">
      <file href="launch_sco1.html"/>
    </resource>
  </resources>
</manifest>
